Player Name,Player Profile URL,Rank,Team,Wickets,Matches,Innings,Overs,Runs Conceded,Best Bowling,Average,Economy,Strike Rate,4 Wicket Hauls,5 Wicket Hauls
Yuzvendra Chahal,https://www.iplt20.com/players/yuzvendra-chahal/111,1,RR,27,17,17,68.0,527,40/5,19.51,7.75,15.11,1,1
Wanindu Hasaranga,https://www.iplt20.com/players/wanindu-hasaranga/3082,2,RCB,26,16,16,57.0,430,18/5,16.53,7.54,13.15,1,1
Kagiso Rabada,https://www.iplt20.com/players/kagiso-rabada/1664,3,PBKS,23,13,13,48.0,406,33/4,17.65,8.45,12.52,2,0
Umran Malik,https://www.iplt20.com/players/umran-malik/15154,4,SRH,22,14,14,49.1,444,25/5,20.18,9.03,13.40,1,1
Kuldeep Yadav,https://www.iplt20.com/players/kuldeep-yadav/261,5,DC,21,14,14,49.4,419,14/4,19.95,8.43,14.19,2,0
Mohammad Shami,https://www.iplt20.com/players/mohammad-shami/94,6,GT,20,16,16,61.0,488,25/3,24.40,8.00,18.30,0,0
Josh Hazlewood,https://www.iplt20.com/players/josh-hazlewood/857,7,RCB,20,12,12,46.3,377,25/4,18.85,8.10,13.95,1,0
Rashid Khan,https://www.iplt20.com/players/rashid-khan/2885,8,GT,19,16,16,63.5,421,24/4,22.15,6.59,20.15,1,0
Harshal Patel,https://www.iplt20.com/players/harshal-patel/157,9,RCB,19,15,15,53.3,410,34/4,21.57,7.66,16.89,1,0
Prasidh Krishna,https://www.iplt20.com/players/prasidh-krishna/5105,10,RR,19,17,17,66.3,551,22/3,29.00,8.28,21.00,0,0
Avesh Khan,https://www.iplt20.com/players/avesh-khan/1561,11,LSG,18,13,13,47.4,416,24/4,23.11,8.72,15.88,1,0
T Natarajan,https://www.iplt20.com/players/t-natarajan/3831,12,SRH,18,11,11,43.0,406,10/3,22.55,9.44,14.33,0,0
Andre Russell,https://www.iplt20.com/players/andre-russell/177,13,KKR,17,14,13,28.1,278,5/4,16.35,9.86,9.94,1,0
Umesh Yadav,https://www.iplt20.com/players/umesh-yadav/59,14,KKR,16,12,12,48.0,339,23/4,21.18,7.06,18.00,1,0
Trent Boult,https://www.iplt20.com/players/trent-boult/969,15,RR,16,16,16,62.0,492,18/2,30.75,7.93,23.25,0,0
Khaleel Ahmed,https://www.iplt20.com/players/khaleel-ahmed/2964,16,DC,16,10,10,39.1,315,25/3,19.68,8.04,14.68,0,0
Dwayne Bravo,https://www.iplt20.com/players/dwayne-bravo/25,17,CSK,16,10,10,34.2,299,20/3,18.68,8.70,12.87,0,0
Mukesh Choudhary,https://www.iplt20.com/players/mukesh-choudhary/20575,18,CSK,16,13,13,45.3,424,46/4,26.50,9.31,17.06,1,0
Jasprit Bumrah,https://www.iplt20.com/players/jasprit-bumrah/1124,19,MI,15,14,14,53.2,383,10/5,25.53,7.18,21.33,0,1
Shardul Thakur,https://www.iplt20.com/players/shardul-thakur/1745,20,DC,15,14,14,48.2,473,36/4,31.53,9.78,19.33,1,0
Mohsin Khan,https://www.iplt20.com/players/mohsin-khan/4952,21,LSG,14,9,9,33.0,197,16/4,14.07,5.96,14.14,1,0
Rahul Chahar,https://www.iplt20.com/players/rahul-chahar/3763,22,PBKS,14,13,13,46.4,360,25/3,25.71,7.71,20.00,0,0
Tim Southee,https://www.iplt20.com/players/tim-southee/307,23,KKR,14,9,9,35.0,275,20/3,19.64,7.85,15.00,0,0
Jason Holder,https://www.iplt20.com/players/jason-holder/1075,24,LSG,14,12,12,41.3,391,31/3,27.92,9.42,17.78,0,0
Ravi Bishnoi,https://www.iplt20.com/players/ravi-bishnoi/19351,25,LSG,13,14,14,54.0,456,22/2,35.07,8.44,24.92,0,0
Daniel Sams,https://www.iplt20.com/players/daniel-sams/4649,26,MI,13,11,11,42.0,370,30/4,28.46,8.80,19.38,1,0
Bhuvneshwar Kumar,https://www.iplt20.com/players/bhuvneshwar-kumar/116,27,SRH,12,14,14,52.1,383,22/3,31.91,7.34,26.08,0,0
Maheesh Theekshana,https://www.iplt20.com/players/maheesh-theekshana/20570,28,CSK,12,9,9,35.0,261,33/4,21.75,7.45,17.50,1,0
Ravichandran Ashwin,https://www.iplt20.com/players/ravichandran-ashwin/8,29,RR,12,17,17,67.0,503,17/3,41.91,7.50,33.50,0,0
Lockie Ferguson,https://www.iplt20.com/players/lockie-ferguson/3729,30,GT,12,13,13,47.4,427,28/4,35.58,8.95,23.83,1,0
Obed McCoy,https://www.iplt20.com/players/obed-mccoy/20618,31,RR,11,7,7,25.5,237,23/3,21.54,9.17,14.09,0,0
Yash Dayal,https://www.iplt20.com/players/yash-dayal/20591,32,GT,11,9,9,32.0,296,40/3,26.90,9.25,17.45,0,0
Krunal Pandya,https://www.iplt20.com/players/krunal-pandya/3183,33,LSG,10,14,12,38.0,265,19/3,26.50,6.97,22.80,0,0
Arshdeep Singh,https://www.iplt20.com/players/arshdeep-singh/4698,34,PBKS,10,14,14,50.0,385,37/3,38.50,7.70,30.00,0,0
Sunil Narine,https://www.iplt20.com/players/sunil-narine/203,35,KKR,9,14,14,56.0,312,21/2,34.66,5.57,37.33,0,0
Murugan Ashwin,https://www.iplt20.com/players/murugan-ashwin/3187,36,MI,9,8,8,29.0,228,14/2,25.33,7.86,19.33,0,0
Dushmantha Chameera,https://www.iplt20.com/players/dushmantha-chameera/817,37,LSG,9,12,12,44.0,384,17/2,42.66,8.72,29.33,0,0
Anrich Nortje,https://www.iplt20.com/players/anrich-nortje/5433,38,DC,9,6,6,22.2,217,42/3,24.11,9.71,14.88,0,0
Mohammed Siraj,https://www.iplt20.com/players/mohammed-siraj/3840,39,RCB,9,15,15,51.0,514,30/2,57.11,10.07,34.00,0,0
Moeen Ali,https://www.iplt20.com/players/moeen-ali/1735,40,CSK,8,10,10,23.5,158,13/3,19.75,6.62,17.87,0,0
Hardik Pandya,https://www.iplt20.com/players/hardik-pandya/2740,41,GT,8,15,10,30.3,222,17/3,27.75,7.27,22.87,0,0
Mustafizur Rahman,https://www.iplt20.com/players/mustafizur-rahman/1594,42,DC,8,8,8,32.0,244,18/3,30.50,7.62,24.00,0,0
Riley Meredith,https://www.iplt20.com/players/riley-meredith/4055,43,MI,8,8,8,28.0,236,24/2,29.50,8.42,21.00,0,0
Kuldeep Sen,https://www.iplt20.com/players/kuldeep-sen/20616,44,RR,8,7,7,25.1,237,20/4,29.62,9.41,18.87,1,0
Jagadeesha Suchith,https://www.iplt20.com/players/jagadeesha-suchith/2741,45,SRH,7,5,5,18.0,140,12/2,20.00,7.77,15.42,0,0
Marco Jansen,https://www.iplt20.com/players/marco-jansen/17068,46,SRH,7,8,8,32.0,274,25/3,39.14,8.56,27.42,0,0
Alzarri Joseph,https://www.iplt20.com/players/alzarri-joseph/3098,47,GT,7,9,9,30.0,264,34/2,37.71,8.80,25.71,0,0
Pat Cummins,https://www.iplt20.com/players/pat-cummins/488,48,KKR,7,5,5,19.5,212,22/3,30.28,10.68,17.00,0,0
Glenn Maxwell,https://www.iplt20.com/players/glenn-maxwell/282,49,RCB,6,13,10,24.0,165,22/2,27.50,6.87,24.00,0,0
Axar Patel,https://www.iplt20.com/players/axar-patel/1113,50,DC,6,13,13,43.0,321,10/2,53.50,7.46,43.00,0,0
Sai Kishore,https://www.iplt20.com/players/sai-kishore/7123,51,GT,6,5,5,16.0,121,7/2,20.16,7.56,16.00,0,0
Rishi Dhawan,https://www.iplt20.com/players/rishi-dhawan/1088,52,PBKS,6,6,6,19.0,156,36/2,26.00,8.21,19.00,0,0
Varun Chakaravarthy,https://www.iplt20.com/players/varun-chakaravarthy/5432,53,KKR,6,11,11,39.0,332,22/1,55.33,8.51,39.00,0,0
Washington Sundar,https://www.iplt20.com/players/washington-sundar/2973,54,SRH,6,9,8,28.0,239,21/2,39.83,8.53,28.00,0,0
Liam Livingstone,https://www.iplt20.com/players/liam-livingstone/3644,55,PBKS,6,14,12,23.0,202,27/3,33.66,8.78,23.00,0,0
Ramandeep Singh,https://www.iplt20.com/players/ramandeep-singh/20595,56,MI,6,5,3,6.0,54,20/3,9.00,9.00,6.00,0,0
Jaydev Unadkat,https://www.iplt20.com/players/jaydev-unadkat/86,57,MI,6,5,5,20.0,190,32/2,31.66,9.50,20.00,0,0
Dwaine Pretorius,https://www.iplt20.com/players/dwaine-pretorius/20573,58,CSK,6,6,6,21.0,210,30/2,35.00,10.00,21.00,0,0
Tymal Mills,https://www.iplt20.com/players/tymal-mills/3319,59,MI,6,5,5,17.0,190,35/3,31.66,11.17,17.00,0,0
Odean Smith,https://www.iplt20.com/players/odean-smith/20600,60,PBKS,6,6,6,15.0,178,30/4,29.66,11.86,15.00,1,0
Ravindra Jadeja,https://www.iplt20.com/players/ravindra-jadeja/9,61,CSK,5,10,10,33.0,248,39/3,49.60,7.51,39.60,0,0
Kumar Kartikeya Singh,https://www.iplt20.com/players/kumar-kartikeya-singh/20629,62,MI,5,4,4,13.0,102,22/2,20.40,7.84,15.60,0,0
Krishnappa Gowtham,https://www.iplt20.com/players/krishnappa-gowtham/3834,63,LSG,5,4,4,12.0,99,30/2,19.80,8.25,14.40,0,0
Basil Thampi,https://www.iplt20.com/players/basil-thampi/3825,64,MI,5,5,5,16.0,152,35/3,30.40,9.50,19.20,0,0
Shivam Mavi,https://www.iplt20.com/players/shivam-mavi/3779,65,KKR,5,6,6,22.0,227,33/1,45.40,10.31,26.40,0,0
Akash Deep,https://www.iplt20.com/players/akash-deep/14800,66,RCB,5,5,5,18.5,205,45/3,41.00,10.88,22.60,0,0
Mitchell Santner,https://www.iplt20.com/players/mitchell-santner/1903,67,CSK,4,6,6,19.0,130,15/1,32.50,6.84,28.50,0,0
Simarjeet Singh,https://www.iplt20.com/players/simarjeet-singh/10789,68,CSK,4,6,6,18.0,138,27/2,34.50,7.66,27.00,0,0
Lalit Yadav,https://www.iplt20.com/players/lalit-yadav/6870,69,DC,4,12,8,18.0,150,11/2,37.50,8.33,27.00,0,0
Mitchell Marsh,https://www.iplt20.com/players/mitchell-marsh/221,70,DC,4,8,4,12.0,102,25/2,25.50,8.50,18.00,0,0
Kieron Pollard,https://www.iplt20.com/players/kieron-pollard/210,71,MI,4,11,6,14.0,125,8/2,31.25,8.92,21.00,0,0
Harpreet Brar,https://www.iplt20.com/players/harpreet-brar/5441,72,PBKS,4,5,5,16.0,146,26/3,36.50,9.12,24.00,0,0
Shahbaz Ahmed,https://www.iplt20.com/players/shahbaz-ahmed/13803,73,RCB,4,16,14,35.0,336,26/2,84.00,9.60,52.50,0,0
Marcus Stoinis,https://www.iplt20.com/players/marcus-stoinis/964,74,LSG,4,11,5,7.0,79,23/3,19.75,11.28,10.50,0,0
Pradeep Sangwan,https://www.iplt20.com/players/pradeep-sangwan/91,75,GT,3,3,3,9.0,65,19/2,21.66,7.22,18.00,0,0
Chetan Sakariya,https://www.iplt20.com/players/chetan-sakariya/11062,76,DC,3,3,3,11.0,84,23/2,28.00,7.63,22.00,0,0
Nathan Ellis,https://www.iplt20.com/players/nathan-ellis/17118,77,PBKS,3,2,2,6.0,55,40/3,18.33,9.16,12.00,0,0
Vaibhav Arora,https://www.iplt20.com/players/vaibhav-arora/14859,78,PBKS,3,5,5,17.5,164,21/2,54.66,9.19,35.66,0,0
Romario Shepherd,https://www.iplt20.com/players/romario-shepherd/20609,79,SRH,3,3,3,9.0,98,42/2,32.66,10.88,18.00,0,0
Navdeep Saini,https://www.iplt20.com/players/navdeep-saini/3824,80,RR,3,2,2,6.0,72,36/2,24.00,12.00,12.00,0,0
Ayush Badoni,https://www.iplt20.com/players/ayush-badoni/20586,81,LSG,2,13,2,2.0,11,5/1,5.50,5.50,6.00,0,0
Prashant Solanki,https://www.iplt20.com/players/prashant-solanki/20576,82,CSK,2,2,2,6.0,38,20/2,19.00,6.33,18.00,0,0
Matheesha Pathirana,https://www.iplt20.com/players/matheesha-pathirana/20627,83,CSK,2,2,2,6.5,52,24/2,26.00,7.60,20.50,0,0
Sandeep Sharma,https://www.iplt20.com/players/sandeep-sharma/1112,84,PBKS,2,5,5,20.0,153,18/1,76.50,7.65,60.00,0,0
Hrithik Shokeen,https://www.iplt20.com/players/hrithik-shokeen/20598,85,MI,2,5,5,15.0,127,47/2,63.50,8.46,45.00,0,0
Fazalhaq Farooqi,https://www.iplt20.com/players/fazalhaq-farooqi/20610,86,SRH,2,3,3,12.0,110,32/2,55.00,9.16,36.00,0,0
Andrew Tye,https://www.iplt20.com/players/andrew-tye/1480,87,LSG,2,3,3,11.0,107,40/2,53.50,9.72,33.00,0,0
Varun Aaron,https://www.iplt20.com/players/varun-aaron/61,88,GT,2,2,2,5.0,52,45/2,26.00,10.40,15.00,0,0
Chris Jordan,https://www.iplt20.com/players/chris-jordan/1299,89,CSK,2,4,4,12.5,135,23/2,67.50,10.51,38.50,0,0
Darshan Nalkande,https://www.iplt20.com/players/darshan-nalkande/4447,90,GT,2,2,2,5.1,59,37/2,29.50,11.41,15.50,0,0
David Willey,https://www.iplt20.com/players/david-willey/2758,91,RCB,1,4,4,11.0,72,29/1,72.00,6.54,66.00,0,0
Anukul Roy,https://www.iplt20.com/players/anukul-roy/3774,92,KKR,1,2,2,7.0,55,28/1,55.00,7.85,42.00,0,0
Mayank Markande,https://www.iplt20.com/players/mayank-markande/4951,93,MI,1,2,2,7.0,57,26/1,57.00,8.14,42.00,0,0
Tushar Deshpande,https://www.iplt20.com/players/tushar-deshpande/3257,94,CSK,1,2,2,7.0,63,40/1,63.00,9.00,42.00,0,0
Kartik Tyagi,https://www.iplt20.com/players/kartik-tyagi/10059,95,SRH,1,2,2,8.0,79,42/1,79.00,9.87,48.00,0,0
Harshit Rana,https://www.iplt20.com/players/harshit-rana/20626,96,KKR,1,2,2,5.0,51,24/1,51.00,10.20,30.00,0,0
Aiden Markram,https://www.iplt20.com/players/aiden-markram/1667,97,SRH,1,14,4,6.0,64,8/1,64.00,10.66,36.00,0,0
Deepak Hooda,https://www.iplt20.com/players/deepak-hooda/1556,98,LSG,1,15,2,4.0,43,31/1,43.00,10.75,24.00,0,0
Shreyas Gopal,https://www.iplt20.com/players/shreyas-gopal/1748,99,SRH,1,1,1,3.0,34,34/1,34.00,11.33,18.00,0,0
Fabian Allen,https://www.iplt20.com/players/fabian-allen/1707,100,MI,1,1,1,4.0,46,46/1,46.00,11.50,24.00,0,0
Sean Abbott,https://www.iplt20.com/players/sean-abbott/942,101,SRH,1,1,1,4.0,47,47/1,47.00,11.75,24.00,0,0
Riyan Parag,https://www.iplt20.com/players/riyan-parag/4445,102,RR,1,17,4,4.0,59,12/1,59.00,14.75,24.00,0,0
Dewald Brevis,https://www.iplt20.com/players/dewald-brevis/20593,103,MI,1,7,1,0.3,8,8/1,8.00,16.00,3.00,0,0
Mohit Sharma,https://www.iplt20.com/players/mohit-sharma/1107,2,GT,27,14,14,44.1,361,10/5,13.37,8.17,9.81,2,1
Piyush Chawla,https://www.iplt20.com/players/piyush-chawla/76,4,MI,22,16,16,61.0,495,22/3,22.50,8.11,16.63,0,0
Noor Ahmad,https://www.iplt20.com/players/noor-ahmad/20590,13,GT,16,13,13,47.1,369,37/3,23.06,7.82,17.68,0,0
Akash Madhwal,https://www.iplt20.com/players/akash-madhwal/20681,16,MI,14,8,8,25.3,219,5/5,15.64,8.58,10.92,1,1
Jason Behrendorff,https://www.iplt20.com/players/jason-behrendorff/937,17,MI,14,12,12,42.0,387,23/3,27.64,9.21,18.00,0,0
Deepak Chahar,https://www.iplt20.com/players/deepak-chahar/140,20,CSK,13,10,10,34.0,297,22/3,22.84,8.73,15.69,0,0
Yash Thakur,https://www.iplt20.com/players/yash-thakur/5624,22,LSG,13,9,9,31.5,289,37/4,22.23,9.07,14.69,1,0
Naveen-Ul-Haq,https://www.iplt20.com/players/naveen-ul-haq/5681,26,LSG,11,8,7,28.0,219,38/4,19.90,7.82,15.27,1,0
Mark Wood,https://www.iplt20.com/players/mark-wood/2749,29,LSG,11,4,4,16.0,130,14/5,11.81,8.12,8.72,0,1
Suyash Sharma,https://www.iplt20.com/players/suyash-sharma/5668,31,KKR,10,11,11,39.0,321,30/3,32.10,8.23,23.40,0,0
Ishant Sharma,https://www.iplt20.com/players/ishant-sharma/38,32,DC,10,8,8,25.0,206,19/2,20.60,8.24,15.00,0,0
Sam Curran,https://www.iplt20.com/players/sam-curran/2939,37,PBKS,10,14,14,47.5,489,31/3,48.90,10.22,28.70,0,0
Karn Sharma,https://www.iplt20.com/players/karn-sharma/1118,38,RCB,10,7,7,21.3,223,19/2,22.30,10.37,12.90,0,0
Wayne Parnell,https://www.iplt20.com/players/wayne-parnell/223,44,RCB,9,7,7,25.1,236,10/3,26.22,9.37,16.77,0,0
Vyshak Vijaykumar,https://www.iplt20.com/players/vyshak-vijaykumar/1097,45,RCB,9,7,7,24.0,253,20/3,28.11,10.54,16.00,0,0
Adam Zampa,https://www.iplt20.com/players/adam-zampa/958,47,RR,8,6,6,22.0,188,22/3,23.50,8.54,16.50,0,0
Amit Mishra,https://www.iplt20.com/players/amit-mishra/30,49,LSG,7,7,7,19.0,149,21/2,21.28,7.84,16.28,0,0
Josh Little,https://www.iplt20.com/players/josh-little/5683,50,GT,7,10,10,34.0,294,25/2,42.00,8.64,29.14,0,0
Mukesh Kumar,https://www.iplt20.com/players/mukesh-kumar/5622,54,DC,7,10,10,31.0,326,30/2,46.57,10.51,26.57,0,0
Michael Bracewell,https://www.iplt20.com/players/michael-bracewell/1465,57,RCB,6,5,5,11.0,95,13/2,15.83,8.63,11.00,0,0
Cameron Green,https://www.iplt20.com/players/cameron-green/5602,58,MI,6,16,16,38.0,361,41/2,60.16,9.50,38.00,0,0
Akash Singh,https://www.iplt20.com/players/akash-singh/12585,63,CSK,5,6,6,19.0,188,40/2,37.60,9.89,22.80,0,0
Arshad Khan,https://www.iplt20.com/players/arshad-khan/20599,65,MI,5,6,6,14.1,190,39/3,38.00,13.41,17.00,0,0
Nitish Rana,https://www.iplt20.com/players/nitish-rana/2738,74,KKR,3,14,6,8.5,75,17/2,25.00,8.49,17.66,0,0
Yudhvir Singh,https://www.iplt20.com/players/yudhvir-singh/10842,75,LSG,3,3,3,8.0,70,19/2,23.33,8.75,16.00,0,0
Arjun Tendulkar,https://www.iplt20.com/players/arjun-tendulkar/10244,78,MI,3,4,4,9.5,92,9/1,30.66,9.35,19.66,0,0
Asif K M,https://www.iplt20.com/players/asif-k-m/4944,80,RR,3,4,4,14.0,138,42/2,46.00,9.85,28.00,0,0
Sikandar Raza,https://www.iplt20.com/players/sikandar-raza/5603,81,PBKS,3,7,6,12.0,119,19/1,39.66,9.91,24.00,0,0
Rajvardhan Hangargekar,https://www.iplt20.com/players/rajvardhan-hangargekar/20571,82,CSK,3,2,2,6.0,60,36/3,20.00,10.00,12.00,0,0
Adil Rashid,https://www.iplt20.com/players/adil-rashid/796,87,SRH,2,2,2,7.0,56,23/2,28.00,8.00,21.00,0,0
Jofra Archer,https://www.iplt20.com/players/jofra-archer/3502,89,MI,2,5,5,20.0,190,35/1,95.00,9.50,60.00,0,0
Kuldip Yadav,https://www.iplt20.com/players/kuldip-yadav/12480,90,RR,2,2,2,7.0,68,18/1,34.00,9.71,21.00,0,0
Abhishek Sharma,https://www.iplt20.com/players/abhishek-sharma/3760,91,SRH,2,11,5,12.0,124,26/1,62.00,10.33,36.00,0,0
Kulwant Khejroliya,https://www.iplt20.com/players/kulwant-khejroliya/3835,95,KKR,2,2,2,4.2,64,44/2,32.00,14.76,13.00,0,0
Praveen Dubey,https://www.iplt20.com/players/praveen-dubey/3188,96,DC,1,1,1,3.0,19,19/1,19.00,6.33,18.00,0,0
Glenn Phillips,https://www.iplt20.com/players/glenn-phillips/3027,97,SRH,1,5,2,3.0,20,10/1,20.00,6.66,18.00,0,0
Tristan Stubbs,https://www.iplt20.com/players/tristan-stubbs/20631,98,MI,1,2,1,2.0,14,14/1,14.00,7.00,12.00,0,0
Reece Topley,https://www.iplt20.com/players/reece-topley/5607,99,RCB,1,1,1,2.0,14,14/1,14.00,7.00,12.00,0,0
Mayank Dagar,https://www.iplt20.com/players/mayank-dagar/2968,100,SRH,1,3,3,11.0,83,37/1,83.00,7.54,66.00,0,0
Sisanda Magala,https://www.iplt20.com/players/sisanda-magala/745,101,CSK,1,2,2,6.0,51,37/1,51.00,8.50,36.00,0,0
Rovman Powell,https://www.iplt20.com/players/rovman-powell/3333,104,DC,1,3,1,2.0,18,18/1,18.00,9.00,12.00,0,0
Akeal Hosein,https://www.iplt20.com/players/akeal-hosein/5608,106,SRH,1,1,1,4.0,40,40/1,40.00,10.00,24.00,0,0
Duan Jansen,https://www.iplt20.com/players/duan-jansen/5647,111,MI,1,1,1,4.0,53,53/1,53.00,13.25,24.00,0,0
Mitchell Starc,https://www.iplt20.com/players/mitchell-starc/490,15,KKR,17,14,13,41.5,444,33/4,26.11,10.61,14.76,1,0
Gerald Coetzee,https://www.iplt20.com/players/gerald-coetzee/20686,26,MI,13,10,10,33.3,341,34/4,26.23,10.17,15.46,1,0
Rasikh Salam,https://www.iplt20.com/players/rasikh-salam/20577,42,DC,9,8,8,24.3,269,34/3,29.88,10.97,16.33,0,0
Nuwan Thushara,https://www.iplt20.com/players/nuwan-thushara/20700,45,MI,8,7,7,26.0,257,28/3,32.12,9.88,19.50,0,0
Mayank Yadav,https://www.iplt20.com/players/mayank-yadav/20585,49,LSG,7,4,4,12.1,85,14/3,12.14,6.98,10.42,0,0
Nandre Burger,https://www.iplt20.com/players/nandre-burger/20716,51,RR,7,6,5,17.0,145,29/2,20.71,8.52,14.57,0,0
Swapnil Singh,https://www.iplt20.com/players/swapnil-singh/3180,58,RCB,6,7,7,15.0,133,28/2,22.16,8.86,15.00,0,0
Sandeep Warrier,https://www.iplt20.com/players/sandeep-warrier/1092,60,GT,6,5,5,11.0,119,15/3,19.83,10.81,11.00,0,0
Azmatullah Omarzai,https://www.iplt20.com/players/azmatullah-omarzai/20685,65,GT,4,7,7,21.0,186,27/2,46.50,8.85,31.50,0,0
Spencer Johnson,https://www.iplt20.com/players/spencer-johnson/20699,67,GT,4,5,5,16.0,151,25/2,37.75,9.43,24.00,0,0
Shreyas Gopal,https://www.iplt20.com/players/shreyas-gopal/20696,74,MI,3,3,3,7.0,67,9/1,22.33,9.57,14.00,0,0
Nitish Kumar Reddy,https://www.iplt20.com/players/nitish-kumar-reddy/5711,75,SRH,3,13,7,13.1,153,17/2,51.00,11.62,26.33,0,0
Keshav Maharaj,https://www.iplt20.com/players/keshav-maharaj/20726,76,RR,2,2,2,6.0,39,23/2,19.50,6.50,18.00,0,0
Mohammad Nabi,https://www.iplt20.com/players/mohammad-nabi/618,80,MI,2,7,6,12.2,109,16/1,54.50,8.83,37.00,0,0
Vidwath Kaverappa,https://www.iplt20.com/players/vidwath-kaverappa/5656,82,PBKS,2,1,1,4.0,36,36/2,18.00,9.00,12.00,0,0
Will Jacks,https://www.iplt20.com/players/will-jacks/5629,83,RCB,2,8,5,9.0,100,23/1,50.00,11.11,27.00,0,0
Anshul Kamboj,https://www.iplt20.com/players/anshul-kamboj/20702,84,MI,2,3,3,10.0,114,24/1,57.00,11.40,30.00,0,0
Shashank Singh,https://www.iplt20.com/players/shashank-singh/3261,85,PBKS,1,14,1,1.0,5,5/1,5.00,5.00,6.00,0,0
M Siddharth,https://www.iplt20.com/players/m-siddharth/7119,87,LSG,1,3,3,9.0,71,21/1,71.00,7.88,54.00,0,0
Vijayakanth Viyaskanth,https://www.iplt20.com/players/vijayakanth-viyaskanth/20728,88,SRH,1,3,3,10.0,86,37/1,86.00,8.60,60.00,0,0
Richard Gleeson,https://www.iplt20.com/players/richard-gleeson/20730,89,CSK,1,2,2,7.5,71,30/1,71.00,9.06,47.00,0,0
Matt Henry,https://www.iplt20.com/players/matt-henry/1505,90,LSG,1,4,4,12.0,110,28/1,110.00,9.16,72.00,0,0
Daryl Mitchell,https://www.iplt20.com/players/daryl-mitchell/20617,94,CSK,1,13,2,6.0,70,18/1,70.00,11.66,36.00,0,0
Lizaad Williams,https://www.iplt20.com/players/lizaad-williams/20727,96,DC,1,2,2,6.0,72,38/1,72.00,12.00,36.00,0,0
Mitchell Marsh,https://www.iplt20.com/players/mitchell-marsh/,97,DC,1,4,3,8.0,103,37/1,103.00,12.87,48.00,0,0
Shivam Dube,https://www.iplt20.com/players/shivam-dube/5431,101,CSK,1,14,1,1.0,14,14/1,14.00,14.00,6.00,0,0
Kwena Maphaka,https://www.iplt20.com/players/kwena-maphaka/20724,103,MI,1,2,2,6.0,89,23/1,89.00,14.83,36.00,0,0
Luke Wood,https://www.iplt20.com/players/luke-wood/20721,104,MI,1,2,2,6.0,93,68/1,93.00,15.50,36.00,0,0
Digvesh Singh,https://www.iplt20.com/players/digvesh-singh/5847,20,LSG,14,13,13,52.0,429,30/2,30.64,8.25,22.28,0,0
Eshan Malinga,https://www.iplt20.com/players/eshan-malinga/22228,23,SRH,13,7,7,26.4,238,31/3,18.30,8.92,12.30,0,0
Vipraj Nigam,https://www.iplt20.com/players/vipraj-nigam/22053,32,DC,11,14,13,39.0,356,18/2,32.36,9.12,21.27,0,0
Ashwani Kumar,https://www.iplt20.com/players/ashwani-kumar/22030,36,MI,11,7,7,20.3,232,24/4,21.09,11.31,11.18,1,0
Vignesh Puthur,https://www.iplt20.com/players/vignesh-puthur/22266,52,MI,6,5,5,12.0,109,32/3,18.16,9.08,12.00,0,0
Zeeshan Ansari,https://www.iplt20.com/players/zeeshan-ansari/22007,53,SRH,6,10,10,33.5,333,42/3,55.50,9.84,33.83,0,0
Mohd Arshad Khan,https://www.iplt20.com/players/mohd-arshad-khan/20599,54,GT,6,9,9,21.0,217,7/1,36.16,10.33,21.00,0,0
William O Rourke,https://www.iplt20.com/players/william-o-rourke/22385,57,LSG,6,3,3,10.2,132,27/3,22.00,12.77,10.33,0,0
Kyle Jamieson,https://www.iplt20.com/players/kyle-jamieson/1616,60,PBKS,5,4,4,15.0,147,48/3,29.40,9.80,18.00,0,0
Harsh Dubey,https://www.iplt20.com/players/harsh-dubey/22381,61,SRH,5,3,3,10.0,98,34/3,19.60,9.80,12.00,0,0
Lungisani Ngidi,https://www.iplt20.com/players/lungisani-ngidi/3746,66,RCB,4,2,2,8.0,81,30/3,20.25,10.12,12.00,0,0
Yudhvir Singh Charak,https://www.iplt20.com/players/yudhvir-singh-charak/10842,71,RR,4,4,4,11.0,131,47/3,32.75,11.90,16.50,0,0
Prince Yadav,https://www.iplt20.com/players/prince-yadav/22097,73,LSG,3,6,6,22.5,225,29/1,75.00,9.85,45.66,0,0
Kamindu Mendis,https://www.iplt20.com/players/kamindu-mendis/22077,77,SRH,2,5,4,7.0,60,4/1,30.00,8.57,21.00,0,0
Xavier Bartlett,https://www.iplt20.com/players/xavier-bartlett/22112,80,PBKS,2,4,4,10.0,96,26/1,48.00,9.60,30.00,0,0
Corbin Bosch,https://www.iplt20.com/players/corbin-bosch/20680,91,MI,1,2,2,7.0,55,26/1,55.00,7.85,42.00,0,0
Pravin Dubey,https://www.iplt20.com/players/pravin-dubey/3188,94,PBKS,1,1,1,2.0,20,20/1,20.00,10.00,12.00,0,0
Rasikh Dar,https://www.iplt20.com/players/rasikh-dar/20577,98,RCB,1,2,2,6.0,70,35/1,70.00,11.66,36.00,0,0
Shahrukh Khan,https://www.iplt20.com/players/shahrukh-khan/7779,105,GT,1,15,1,1.0,13,13/1,13.00,13.00,6.00,0,0
V Satyanarayana Penmetsa,https://www.iplt20.com/players/v-satyanarayana-penmetsa/22161,106,MI,1,2,2,4.0,53,40/1,53.00,13.25,24.00,0,0
Musheer Khan,https://www.iplt20.com/players/musheer-khan/22085,107,PBKS,1,1,1,2.0,27,27/1,27.00,13.50,12.00,0,0
Mujeeb-ur-Rahman,https://www.iplt20.com/players/mujeeb-ur-rahman/4572,108,MI,1,1,1,2.0,28,28/1,28.00,14.00,12.00,0,0
Jos Buttler,https://www.iplt20.com/players/jos-buttler/509,,,,,,,,,,,,,
K L Rahul,https://www.iplt20.com/players/k-l-rahul/1125,,,,,,,,,,,,,
Quinton De Kock,https://www.iplt20.com/players/quinton-de-kock/834,,,,,,,,,,,,,
Shubman Gill,https://www.iplt20.com/players/shubman-gill/3761,,,,,,,,,,,,,
David Miller,https://www.iplt20.com/players/david-miller/187,,,,,,,,,,,,,
Faf Du Plessis,https://www.iplt20.com/players/faf-du-plessis/24,,,,,,,,,,,,,
Shikhar Dhawan,https://www.iplt20.com/players/shikhar-dhawan/41,,,,,,,,,,,,,
Sanju Samson,https://www.iplt20.com/players/sanju-samson/258,,,,,,,,,,,,,
David Warner,https://www.iplt20.com/players/david-warner/170,,,,,,,,,,,,,
Ishan Kishan,https://www.iplt20.com/players/ishan-kishan/2975,,,,,,,,,,,,,
Rahul Tripathi,https://www.iplt20.com/players/rahul-tripathi/3838,,,,,,,,,,,,,
Shreyas Iyer,https://www.iplt20.com/players/shreyas-iyer/1563,,,,,,,,,,,,,
Tilak Varma,https://www.iplt20.com/players/tilak-varma/20594,,,,,,,,,,,,,
Devdutt Padikkal,https://www.iplt20.com/players/devdutt-padikkal/5430,,,,,,,,,,,,,
Ruturaj Gaikwad,https://www.iplt20.com/players/ruturaj-gaikwad/5443,,,,,,,,,,,,,
Virat Kohli,https://www.iplt20.com/players/virat-kohli/164,,,,,,,,,,,,,
Rishabh Pant,https://www.iplt20.com/players/rishabh-pant/2972,,,,,,,,,,,,,
Rajat Patidar,https://www.iplt20.com/players/rajat-patidar/5471,,,,,,,,,,,,,
Dinesh Karthik,https://www.iplt20.com/players/dinesh-karthik/102,,,,,,,,,,,,,
Wriddhiman Saha,https://www.iplt20.com/players/wriddhiman-saha/16,,,,,,,,,,,,,
Shimron Hetmyer,https://www.iplt20.com/players/shimron-hetmyer/1705,,,,,,,,,,,,,
Nicholas Pooran,https://www.iplt20.com/players/nicholas-pooran/1703,,,,,,,,,,,,,
Suryakumar Yadav,https://www.iplt20.com/players/suryakumar-yadav/108,,,,,,,,,,,,,
Prithvi Shaw,https://www.iplt20.com/players/prithvi-shaw/3764,,,,,,,,,,,,,
Ambati Rayudu,https://www.iplt20.com/players/ambati-rayudu/100,,,,,,,,,,,,,
Rohit Sharma,https://www.iplt20.com/players/rohit-sharma/107,,,,,,,,,,,,,
Yashasvi Jaiswal,https://www.iplt20.com/players/yashasvi-jaiswal/13538,,,,,,,,,,,,,
Jonny Bairstow,https://www.iplt20.com/players/jonny-bairstow/506,,,,,,,,,,,,,
Devon Conway,https://www.iplt20.com/players/devon-conway/20572,,,,,,,,,,,,,
Jitesh Sharma,https://www.iplt20.com/players/jitesh-sharma/3185,,,,,,,,,,,,,
MS Dhoni,https://www.iplt20.com/players/ms-dhoni/1,,,,,,,,,,,,,
Robin Uthappa,https://www.iplt20.com/players/robin-uthappa/127,,,,,,,,,,,,,
Rahul Tewatia,https://www.iplt20.com/players/rahul-tewatia/1749,,,,,,,,,,,,,
Kane Williamson,https://www.iplt20.com/players/kane-williamson/440,,,,,,,,,,,,,
Bhanuka Rajapaksa,https://www.iplt20.com/players/bhanuka-rajapaksa/20604,,,,,,,,,,,,,
Mayank Agarwal,https://www.iplt20.com/players/mayank-agarwal/158,,,,,,,,,,,,,
Tim David,https://www.iplt20.com/players/tim-david/4524,,,,,,,,,,,,,
Venkatesh Iyer,https://www.iplt20.com/players/venkatesh-iyer/8540,,,,,,,,,,,,,
Rinku Singh,https://www.iplt20.com/players/rinku-singh/3830,,,,,,,,,,,,,
Sam Billings,https://www.iplt20.com/players/sam-billings/2756,,,,,,,,,,,,,
Matthew Wade,https://www.iplt20.com/players/matthew-wade/290,,,,,,,,,,,,,
Sai Sudharsan,https://www.iplt20.com/players/sai-sudharsan/20592,,,,,,,,,,,,,
Ajinkya Rahane,https://www.iplt20.com/players/ajinkya-rahane/135,,,,,,,,,,,,,
Anuj Rawat,https://www.iplt20.com/players/anuj-rawat/10788,,,,,,,,,,,,,
Abhinav Manohar,https://www.iplt20.com/players/abhinav-manohar/20589,,,,,,,,,,,,,
Sarfaraz Khan,https://www.iplt20.com/players/sarfaraz-khan/1564,,,,,,,,,,,,,
Manish Pandey,https://www.iplt20.com/players/manish-pandey/123,,,,,,,,,,,,,
Mahipal Lomror,https://www.iplt20.com/players/mahipal-lomror/2970,,,,,,,,,,,,,
Aaron Finch,https://www.iplt20.com/players/aaron-finch/167,,,,,,,,,,,,,
Evin Lewis,https://www.iplt20.com/players/evin-lewis/872,,,,,,,,,,,,,
Suyash S Prabhudessai,https://www.iplt20.com/players/suyash-s-prabhudessai/7002,,,,,,,,,,,,,
Priyam Garg,https://www.iplt20.com/players/priyam-garg/3775,,,,,,,,,,,,,
Jagadeesan Narayan,https://www.iplt20.com/players/jagadeesan-narayan/4942,,,,,,,,,,,,,
Sherfane Rutherford,https://www.iplt20.com/players/sherfane-rutherford/5396,,,,,,,,,,,,,
James Neesham,https://www.iplt20.com/players/james-neesham/20615,,,,,,,,,,,,,
Tim Seifert,https://www.iplt20.com/players/tim-seifert/1619,,,,,,,,,,,,,
Sheldon Jackson,https://www.iplt20.com/players/sheldon-jackson/1116,,,,,,,,,,,,,
Rassie van der Dussen,https://www.iplt20.com/players/rassie-van-der-dussen/20619,,,,,,,,,,,,,
B Indrajith,https://www.iplt20.com/players/b-indrajith/20578,,,,,,,,,,,,,
Manan Vohra,https://www.iplt20.com/players/manan-vohra/1085,,,,,,,,,,,,,
Vijay Shankar,https://www.iplt20.com/players/vijay-shankar/1083,,,,,,,,,,,,,
Mandeep Singh,https://www.iplt20.com/players/mandeep-singh/72,,,,,,,,,,,,,
Karun Nair,https://www.iplt20.com/players/karun-nair/276,,,,,,,,,,,,,
Simran Singh,https://www.iplt20.com/players/simran-singh/5436,,,,,,,,,,,,,
Anmolpreet Singh,https://www.iplt20.com/players/anmolpreet-singh/2965,,,,,,,,,,,,,
Rajangad Bawa,https://www.iplt20.com/players/rajangad-bawa/20601,,,,,,,,,,,,,
Srikar Bharat,https://www.iplt20.com/players/srikar-bharat/2734,,,,,,,,,,,,,
Ripal Patel,https://www.iplt20.com/players/ripal-patel/17191,,,,,,,,,,,,,
Aman Khan,https://www.iplt20.com/players/aman-khan/20581,,,,,,,,,,,,,
Prerak Mankad,https://www.iplt20.com/players/prerak-mankad/20602,,,,,,,,,,,,,
Karan Sharma,https://www.iplt20.com/players/karan-sharma/20588,,,,,,,,,,,,,
Abdul Samad,https://www.iplt20.com/players/abdul-samad/19352,,,,,,,,,,,,,
Abhijeet Tomar,https://www.iplt20.com/players/abhijeet-tomar/20580,,,,,,,,,,,,,
Nathan Coulter-Nile,https://www.iplt20.com/players/nathan-coulter-nile/,,,,,,,,,,,,,
Heinrich Klaasen,https://www.iplt20.com/players/heinrich-klaasen/3869,,,,,,,,,,,,,
Kyle Mayers,https://www.iplt20.com/players/kyle-mayers/20587,,,,,,,,,,,,,
Jason Roy,https://www.iplt20.com/players/jason-roy/1906,,,,,,,,,,,,,
Nehal Wadera,https://www.iplt20.com/players/nehal-wadera/5859,,,,,,,,,,,,,
Rahmanullah Gurbaz,https://www.iplt20.com/players/rahmanullah-gurbaz/20625,,,,,,,,,,,,,
Phil Salt,https://www.iplt20.com/players/phil-salt/5606,,,,,,,,,,,,,
Rilee Rossouw,https://www.iplt20.com/players/rilee-rossouw/239,,,,,,,,,,,,,
Harry Brook,https://www.iplt20.com/players/harry-brook/5600,,,,,,,,,,,,,
Atharva Taide,https://www.iplt20.com/players/atharva-taide/20603,,,,,,,,,,,,,
Dhruv Jurel,https://www.iplt20.com/players/dhruv-jurel/20620,,,,,,,,,,,,,
Matthew Short,https://www.iplt20.com/players/matthew-short/2032,,,,,,,,,,,,,
Harpreet Bhatia,https://www.iplt20.com/players/harpreet-bhatia/5879,,,,,,,,,,,,,
Vivrant Sharma,https://www.iplt20.com/players/vivrant-sharma/5614,,,,,,,,,,,,,
Vishnu Vinod,https://www.iplt20.com/players/vishnu-vinod/4305,,,,,,,,,,,,,
Abishek Porel,https://www.iplt20.com/players/abishek-porel/33333,,,,,,,,,,,,,
Dasun Shanaka,https://www.iplt20.com/players/dasun-shanaka/,,,,,,,,,,,,,
David Wiese,https://www.iplt20.com/players/david-wiese/869,,,,,,,,,,,,,
Yash Dhull,https://www.iplt20.com/players/yash-dhull/20623,,,,,,,,,,,,,
Ben Stokes,https://www.iplt20.com/players/ben-stokes/1154,,,,,,,,,,,,,
Kedar Jadhav,https://www.iplt20.com/players/kedar-jadhav/297,,,,,,,,,,,,,
Sanvir Singh,https://www.iplt20.com/players/sanvir-singh/5616,,,,,,,,,,,,,
Joe Root,https://www.iplt20.com/players/joe-root/5601,,,,,,,,,,,,,
Litton Das,https://www.iplt20.com/players/litton-das/,,,,,,,,,,,,,
Abdul Basith,https://www.iplt20.com/players/abdul-basith/5812,,,,,,,,,,,,,
Mohit Rathee,https://www.iplt20.com/players/mohit-rathee/5856,,,,,,,,,,,,,
Travis Head,https://www.iplt20.com/players/travis-head/1020,,,,,,,,,,,,,
Prabhsimran Singh,https://www.iplt20.com/players/prabhsimran-singh/5436,,,,,,,,,,,,,
Jake Fraser - McGurk,https://www.iplt20.com/players/jake-fraser-mcgurk/20720,,,,,,,,,,,,,
Rachin Ravindra,https://www.iplt20.com/players/rachin-ravindra/20684,,,,,,,,,,,,,
Ashutosh Sharma,https://www.iplt20.com/players/ashutosh-sharma/20703,,,,,,,,,,,,,
Shai Hope,https://www.iplt20.com/players/shai-hope/20710,,,,,,,,,,,,,
Angkrish Raghuvanshi,https://www.iplt20.com/players/angkrish-raghuvanshi/20690,,,,,,,,,,,,,
Naman Dhir,https://www.iplt20.com/players/naman-dhir/20701,,,,,,,,,,,,,
Nehal Wadhera,https://www.iplt20.com/players/nehal-wadhera/5859,,,,,,,,,,,,,
Sameer Rizwi,https://www.iplt20.com/players/sameer-rizwi/20689,,,,,,,,,,,,,
Tom Kohler- Cadmore,https://www.iplt20.com/players/tom-kohler-cadmore/20697,,,,,,,,,,,,,
Shubham Dubey,https://www.iplt20.com/players/shubham-dubey/20688,,,,,,,,,,,,,
Tanush Kotian,https://www.iplt20.com/players/tanush-kotian/20722,,,,,,,,,,,,,
Ashton Turner,https://www.iplt20.com/players/ashton-turner/1285,,,,,,,,,,,,,
Gulbadin Naib,https://www.iplt20.com/players/gulbadin-naib/20731,,,,,,,,,,,,,
Saurav Chauhan,https://www.iplt20.com/players/saurav-chauhan/20718,,,,,,,,,,,,,
Sumit Kumar,https://www.iplt20.com/players/sumit-kumar/20706,,,,,,,,,,,,,
Arshin Atul Kulkarni,https://www.iplt20.com/players/arshin-atul-kulkarni/20691,,,,,,,,,,,,,
Donovan Ferreira,https://www.iplt20.com/players/donovan-ferreira/5652,,,,,,,,,,,,,
Kumar Kushagra,https://www.iplt20.com/players/kumar-kushagra/20694,,,,,,,,,,,,,
Ricky Bhui,https://www.iplt20.com/players/ricky-bhui/1555,,,,,,,,,,,,,
Jhye Richardson,https://www.iplt20.com/players/jhye-richardson/3781,,,,,,,,,,,,,
Shivam Singh,https://www.iplt20.com/players/shivam-singh/5693,,,,,,,,,,,,,
B R Sharath,https://www.iplt20.com/players/b-r-sharath/20723,,,,,,,,,,,,,
Shams Mulani,https://www.iplt20.com/players/shams-mulani/5884,,,,,,,,,,,,,
Manav Suthar,https://www.iplt20.com/players/manav-suthar/20692,,,,,,,,,,,,,
Surya Kumar Yadav,https://www.iplt20.com/players/surya-kumar-yadav/108,,,,,,,,,,,,,
Priyansh Arya,https://www.iplt20.com/players/priyansh-arya/22052,,,,,,,,,,,,,
Ryan Rickelton,https://www.iplt20.com/players/ryan-rickelton/22003,,,,,,,,,,,,,
N Tilak Varma,https://www.iplt20.com/players/n-tilak-varma/20594,,,,,,,,,,,,,
Josh Inglis,https://www.iplt20.com/players/josh-inglis/22372,,,,,,,,,,,,,
Vaibhav Suryavanshi,https://www.iplt20.com/players/vaibhav-suryavanshi/22203,,,,,,,,,,,,,
Ayush Mhatre,https://www.iplt20.com/players/ayush-mhatre/22377,,,,,,,,,,,,,
Aniket Verma,https://www.iplt20.com/players/aniket-verma/22082,,,,,,,,,,,,,
Sameer Rizvi,https://www.iplt20.com/players/sameer-rizvi/20689,,,,,,,,,,,,,
Shaik Rasheed,https://www.iplt20.com/players/shaik-rasheed/5612,,,,,,,,,,,,,
Urvil Patel,https://www.iplt20.com/players/urvil-patel/5653,,,,,,,,,,,,,
Jacob Bethell,https://www.iplt20.com/players/jacob-bethell/22074,,,,,,,,,,,,,
Sediqullah Atal,https://www.iplt20.com/players/sediqullah-atal/22382,,,,,,,,,,,,,
Kusal Mendis,https://www.iplt20.com/players/kusal-mendis/22384,,,,,,,,,,,,,
Jamie Overton,https://www.iplt20.com/players/jamie-overton/22109,,,,,,,,,,,,,
Matthew Breetzke,https://www.iplt20.com/players/matthew-breetzke/22375,,,,,,,,,,,,,
Wiaan Mulder,https://www.iplt20.com/players/wiaan-mulder/22376,,,,,,,,,,,,,
Raj Angad Bawa,https://www.iplt20.com/players/raj-angad-bawa/20601,,,,,,,,,,,,,
Suryansh Shedge,https://www.iplt20.com/players/suryansh-shedge/20683,,,,,,,,,,,,,
Robin Minz,https://www.iplt20.com/players/robin-minz/20707,,,,,,,,,,,,,
Madhav Tiwari,https://www.iplt20.com/players/madhav-tiwari/22259,,,,,,,,,,,,,
Manoj Bhandage,https://www.iplt20.com/players/manoj-bhandage/5645,,,,,,,,,,,,,
"ANKIT RAJPOOT
Bowler",https://www.iplt20.com/players/ankit-rajpoot/1106,,,,,,,,,,,,,
"NARAYAN JAGADEESAN
WK-Batter",https://www.iplt20.com/players/narayan-jagadeesan/4942,,,,,,,,,,,,,
"KM ASIF
Bowler",https://www.iplt20.com/players/km-asif/4944,,,,,,,,,,,,,
"C HARI NISHAANTH
Batter",https://www.iplt20.com/players/c-hari-nishaanth/7111,,,,,,,,,,,,,
"K BHAGATH VARMA
All-Rounder",https://www.iplt20.com/players/k-bhagath-varma/7105,,,,,,,,,,,,,
"DOMINIC DRAKES
Bowler",https://www.iplt20.com/players/dominic-drakes/5145,,,,,,,,,,,,,
"SUBHRANSHU SENAPATI
Batter",https://www.iplt20.com/players/subhranshu-senapati/20574,,,,,,,,,,,,,
"ADAM MILNE
Bowler",https://www.iplt20.com/players/adam-milne/434,,,,,,,,,,,,,
"NISHANT SINDHU
All-Rounder",https://www.iplt20.com/players/nishant-sindhu/5615,,,,,,,,,,,,,
"AJAY MANDAL
All-Rounder",https://www.iplt20.com/players/ajay-mandal/5811,,,,,,,,,,,,,
"AVANISH RAO ARAVELLY
WK-Batter",https://www.iplt20.com/players/avanish-rao-aravelly/20715,,,,,,,,,,,,,
"VANSH BEDI
WK-Batter",https://www.iplt20.com/players/vansh-bedi/22006,,,,,,,,,,,,,
"ANDRE SIDDARTH
Batter",https://www.iplt20.com/players/andre-siddarth/22022,,,,,,,,,,,,,
"KAMLESH NAGARKOTI
All-Rounder",https://www.iplt20.com/players/kamlesh-nagarkoti/3766,,,,,,,,,,,,,
"RAMAKRISHNA GHOSH
All-Rounder",https://www.iplt20.com/players/ramakrishna-ghosh/22153,,,,,,,,,,,,,
"MATTHEW WILLIAM SHORT
All-Rounder",https://www.iplt20.com/players/matthew-william-short/2032,,,,,,,,,,,,,
"GURJAPNEET SINGH
Bowler",https://www.iplt20.com/players/gurjapneet-singh/22032,,,,,,,,,,,,,
"SHAHBAZ NADEEM
Bowler",https://www.iplt20.com/players/shahbaz-nadeem/57,,,,,,,,,,,,,
"SIDDHARTH KAUL
Bowler",https://www.iplt20.com/players/siddharth-kaul/1086,,,,,,,,,,,,,
"JAYANT YADAV
All-Rounder",https://www.iplt20.com/players/jayant-yadav/1740,,,,,,,,,,,,,
"NATHAN COULTER-NILE
Bowler",https://www.iplt20.com/players/nathan-coulter-nile/840,,,,,,,,,,,,,
"K.S BHARAT
WK-Batter",https://www.iplt20.com/players/k-s-bharat/2734,,,,,,,,,,,,,
"GURKEERAT MANN SINGH
Batter",https://www.iplt20.com/players/gurkeerat-mann-singh/253,,,,,,,,,,,,,
"CHRIS WOAKES
All-Rounder",https://www.iplt20.com/players/chris-woakes/967,,,,,,,,,,,,,
"TOM CURRAN
Bowler",https://www.iplt20.com/players/tom-curran/3646,,,,,,,,,,,,,
"VICKY OSTWAL
All-Rounder",https://www.iplt20.com/players/vicky-ostwal/20624,,,,,,,,,,,,,
"SWASTIK CHHIKARA
Batter",https://www.iplt20.com/players/swastik-chhikara/20711,,,,,,,,,,,,,
"KL RAHUL
WK-Batter",https://www.iplt20.com/players/kl-rahul/1125,,,,,,,,,,,,,
"MANVANTH KUMAR
All-Rounder",https://www.iplt20.com/players/manvanth-kumar/22086,,,,,,,,,,,,,
"TRIPURANA VIJAY
All-Rounder",https://www.iplt20.com/players/tripurana-vijay/22252,,,,,,,,,,,,,
"DASUN SHANAKA
All-Rounder",https://www.iplt20.com/players/dasun-shanaka/1095,,,,,,,,,,,,,
"JOSHUA LITTLE
Bowler",https://www.iplt20.com/players/joshua-little/5683,,,,,,,,,,,,,
"BR SHARATH
WK-Batter",https://www.iplt20.com/players/br-sharath/20723,,,,,,,,,,,,,
"SUSHANT MISHRA
Bowler",https://www.iplt20.com/players/sushant-mishra/20695,,,,,,,,,,,,,
"KARIM JANAT
All-Rounder",https://www.iplt20.com/players/karim-janat/22139,,,,,,,,,,,,,
"GURNOOR SINGH BRAR
Bowler",https://www.iplt20.com/players/gurnoor-singh-brar/1094,,,,,,,,,,,,,
"ASHOK SHARMA
Bowler",https://www.iplt20.com/players/ashok-sharma/20584,,,,,,,,,,,,,
"SHAKIB AL HASAN
All-Rounder",https://www.iplt20.com/players/shakib-al-hasan/201,,,,,,,,,,,,,
"KC CARIAPPA
Bowler",https://www.iplt20.com/players/kc-cariappa/2743,,,,,,,,,,,,,
"R SANJAY YADAV
Bowler",https://www.iplt20.com/players/r-sanjay-yadav/3833,,,,,,,,,,,,,
"PRATHAM SINGH
Batter",https://www.iplt20.com/players/pratham-singh/20583,,,,,,,,,,,,,
"BABA INDRAJITH
Batter",https://www.iplt20.com/players/baba-indrajith/20578,,,,,,,,,,,,,
"RAMESH KUMAR
All-Rounder",https://www.iplt20.com/players/ramesh-kumar/20582,,,,,,,,,,,,,
"CHAMIKA KARUNARATNE
All-Rounder",https://www.iplt20.com/players/chamika-karunaratne/20579,,,,,,,,,,,,,
"LITTON DAS
WK-Batter",https://www.iplt20.com/players/litton-das/5604,,,,,,,,,,,,,
"AARYA DESAI
Batter",https://www.iplt20.com/players/aarya-desai/1098,,,,,,,,,,,,,
"JOHNSON CHARLES
WK-Batter",https://www.iplt20.com/players/johnson-charles/20682,,,,,,,,,,,,,
"ALLAH GHAZANFAR
Bowler",https://www.iplt20.com/players/allah-ghazanfar/20725,,,,,,,,,,,,,
"SAKIB HUSSAIN
Bowler",https://www.iplt20.com/players/sakib-hussain/20717,,,,,,,,,,,,,
"LUVNITH SISODIA
WK-Batter",https://www.iplt20.com/players/luvnith-sisodia/20613,,,,,,,,,,,,,
"SHIVAM SHUKLA
Bowler",https://www.iplt20.com/players/shivam-shukla/22386,,,,,,,,,,,,,
"ARPIT GULERIA
Bowler",https://www.iplt20.com/players/arpit-guleria/1099,,,,,,,,,,,,,
"ARSHIN KULKARNI
All-Rounder",https://www.iplt20.com/players/arshin-kulkarni/20691,,,,,,,,,,,,,
"SHAMAR JOSEPH
Bowler",https://www.iplt20.com/players/shamar-joseph/20719,,,,,,,,,,,,,
"HIMMAT SINGH
Batter",https://www.iplt20.com/players/himmat-singh/5434,,,,,,,,,,,,,
"ARYAN JUYAL
WK-Batter",https://www.iplt20.com/players/aryan-juyal/20596,,,,,,,,,,,,,
"SHAHBAZ AHAMAD
All-Rounder",https://www.iplt20.com/players/shahbaz-ahamad/13803,,,,,,,,,,,,,
"YUVRAJ CHAUDHARY
All-Rounder",https://www.iplt20.com/players/yuvraj-chaudhary/22124,,,,,,,,,,,,,
"RASIKH SALAM
Bowler",https://www.iplt20.com/players/rasikh-salam/5437,,,,,,,,,,,,,
"SANJAY YADAV
Batter",https://www.iplt20.com/players/sanjay-yadav/10631,,,,,,,,,,,,,
"RAGHAV GOYAL
Bowler",https://www.iplt20.com/players/raghav-goyal/5725,,,,,,,,,,,,,
"HARVIK DESAI
WK-Batter",https://www.iplt20.com/players/harvik-desai/20729,,,,,,,,,,,,,
"SHIVALIK SHARMA
All-Rounder",https://www.iplt20.com/players/shivalik-sharma/20714,,,,,,,,,,,,,
"DILSHAN MADUSHANKA
Bowler",https://www.iplt20.com/players/dilshan-madushanka/20687,,,,,,,,,,,,,
"SHRIJITH KRISHNAN
WK-Batter",https://www.iplt20.com/players/shrijith-krishnan/22057,,,,,,,,,,,,,
"BEVON JACOBS
Batter",https://www.iplt20.com/players/bevon-jacobs/22174,,,,,,,,,,,,,
"RAGHU SHARMA
Bowler",https://www.iplt20.com/players/raghu-sharma/22379,,,,,,,,,,,,,
"CHARITH ASALANKA
Bowler",https://www.iplt20.com/players/charith-asalanka/22388,,,,,,,,,,,,,
"ISHAN POREL
Bowler",https://www.iplt20.com/players/ishan-porel/3777,,,,,,,,,,,,,
"WRITTICK CHATTERJEE
Batter",https://www.iplt20.com/players/writtick-chatterjee/20606,,,,,,,,,,,,,
"ANSH PATEL
All-Rounder",https://www.iplt20.com/players/ansh-patel/20608,,,,,,,,,,,,,
"BENNY HOWELL
All-Rounder",https://www.iplt20.com/players/benny-howell/20605,,,,,,,,,,,,,
"BALTEJ DHANDA
Bowler",https://www.iplt20.com/players/baltej-dhanda/20607,,,,,,,,,,,,,
"VISHWANATH PRATAP SINGH
All-Rounder",https://www.iplt20.com/players/vishwanath-pratap-singh/20704,,,,,,,,,,,,,
"TANAY THYAGARAJANN
All-Rounder",https://www.iplt20.com/players/tanay-thyagarajann/20705,,,,,,,,,,,,,
"PRINCE CHOUDHARY
Bowler",https://www.iplt20.com/players/prince-choudhary/20709,,,,,,,,,,,,,
"HARNOOR PANNU
Batter",https://www.iplt20.com/players/harnoor-pannu/22019,,,,,,,,,,,,,
"PYLA AVINASH
Batter",https://www.iplt20.com/players/pyla-avinash/22145,,,,,,,,,,,,,
"AARON HARDIE
All-Rounder",https://www.iplt20.com/players/aaron-hardie/22076,,,,,,,,,,,,,
"MITCH OWEN
All-Rounder",https://www.iplt20.com/players/mitch-owen/22380,,,,,,,,,,,,,
"SACHIN BABY
Batter",https://www.iplt20.com/players/sachin-baby/1115,,,,,,,,,,,,,
"ANUNAY SINGH
All-Rounder",https://www.iplt20.com/players/anunay-singh/20622,,,,,,,,,,,,,
"SHUBHAM GARHWAL
Bowler",https://www.iplt20.com/players/shubham-garhwal/20621,,,,,,,,,,,,,
"TEJAS BAROKA
Bowler",https://www.iplt20.com/players/tejas-baroka/3827,,,,,,,,,,,,,
"KUNAL RATHORE
WK-Batter",https://www.iplt20.com/players/kunal-rathore/5763,,,,,,,,,,,,,
"AKASH VASHISHT
All-Rounder",https://www.iplt20.com/players/akash-vashisht/5651,,,,,,,,,,,,,
"ABDUL P A
All-Rounder",https://www.iplt20.com/players/abdul-p-a/5812,,,,,,,,,,,,,
"ABID MUSHTAQ
All-Rounder",https://www.iplt20.com/players/abid-mushtaq/20713,,,,,,,,,,,,,
"LHUAN-DRE PRETORIUS
Batter",https://www.iplt20.com/players/lhuan-dre-pretorius/22383,,,,,,,,,,,,,
"FINN ALLEN
WK-Batter",https://www.iplt20.com/players/finn-allen/3020,,,,,,,,,,,,,
"ANEESHWAR GAUTAM
All-Rounder",https://www.iplt20.com/players/aneeshwar-gautam/20614,,,,,,,,,,,,,
"SONU YADAV
All-Rounder",https://www.iplt20.com/players/sonu-yadav/5795,,,,,,,,,,,,,
"HIMANSHU SHARMA
Bowler",https://www.iplt20.com/players/himanshu-sharma/5628,,,,,,,,,,,,,
"RAJAN KUMAR
Bowler",https://www.iplt20.com/players/rajan-kumar/5657,,,,,,,,,,,,,
"AVINASH SINGH
Bowler",https://www.iplt20.com/players/avinash-singh/5720,,,,,,,,,,,,,
"SAURAV CHUAHAN
Batter",https://www.iplt20.com/players/saurav-chuahan/20718,,,,,,,,,,,,,
"BLESSING MUZARABANI
Bowler",https://www.iplt20.com/players/blessing-muzarabani/22387,,,,,,,,,,,,,
"ABHINANDAN SINGH
Bowler",https://www.iplt20.com/players/abhinandan-singh/22136,,,,,,,,,,,,,
"UPENDRA SINGH YADAV
WK-Batter",https://www.iplt20.com/players/upendra-singh-yadav/5621,,,,,,,,,,,,,
"SAMARTH VYAS
All-Rounder",https://www.iplt20.com/players/samarth-vyas/5617,,,,,,,,,,,,,
"JHATHAVEDH SUBRAMANYAN
Bowler",https://www.iplt20.com/players/jhathavedh-subramanyan/20708,,,,,,,,,,,,,
"SMARAN RAVICHANDRAN
Batter",https://www.iplt20.com/players/smaran-ravichandran/22378,,,,,,,,,,,,,
